City,State,Total_EV,Avg_Latitude,Avg_Longitude
Seattle,WA,23489,47.62839,-122.33682
Bellevue,WA,6959,47.60125,-122.16396
Redmond,WA,4965,47.68336,-122.09688
Vancouver,WA,4819,45.6577,-122.59674
Kirkland,WA,4201,47.69315,-122.20555
Bothell,WA,4196,47.80171,-122.18811
Sammamish,WA,3950,47.60113,-122.02857
Renton,WA,3516,47.47152,-122.16658
Olympia,WA,3228,47.03944,-122.87969
Tacoma,WA,2846,47.24479,-122.45108
Bellingham,WA,2281,48.75836,-122.46594
Issaquah,WA,2108,47.54022,-122.01986
Spokane,WA,1999,47.66779,-117.40036
"Mercer Island",WA,1943,47.5823,-122.23719
Kent,WA,1942,47.37842,-122.1856
Lynnwood,WA,1895,47.8434,-122.28797
Woodinville,WA,1873,47.75807,-122.14898
Everett,WA,1804,47.9348,-122.22172
Snohomish,WA,1567,47.89953,-122.12301
"Gig Harbor",WA,1525,47.33817,-122.59614
Shoreline,WA,1472,47.76606,-122.34854
Edmonds,WA,1460,47.80548,-122.35105
"Bainbridge Island",WA,1447,47.62933,-122.52358
Auburn,WA,1427,47.32428,-122.22327
Tukwila,WA,1405,47.44287,-122.28985
Camas,WA,1197,45.59009,-122.40556
"Maple Valley",WA,1053,47.35871,-122.05052
Seatac,WA,1048,47.4523,-122.31787
"Federal Way",WA,1044,47.31407,-122.34178
"Lake Stevens",WA,930,48.00435,-122.11206
Bremerton,WA,918,47.59061,-122.64271
Puyallup,WA,900,47.1538,-122.29111
Marysville,WA,836,48.07068,-122.17532
Kenmore,WA,799,47.76171,-122.25047
"Port Orchard",WA,763,47.51943,-122.66559
"Bonney Lake",WA,748,47.18062,-122.1838
Richland,WA,735,46.27984,-119.29211
Newcastle,WA,708,47.49328,-122.16734
Ridgefield,WA,701,45.81886,-122.74348
Lacey,WA,686,47.04682,-122.79898
Kennewick,WA,676,46.19385,-119.15824
Burien,WA,648,47.47832,-122.33227
Snoqualmie,WA,640,47.53562,-121.87475
Mukilteo,WA,601,47.94187,-122.29957
Monroe,WA,573,47.85674,-121.97222
Anacortes,WA,561,48.50127,-122.6153
Lakewood,WA,554,47.16766,-122.53532
"University Place",WA,551,47.22217,-122.53567
"North Bend",WA,546,47.49361,-121.78157
"Lake Forest Park",WA,539,47.75781,-122.3175
"Port Townsend",WA,534,48.11959,-122.76442
Poulsbo,WA,531,47.73752,-122.64161
Vashon,WA,531,47.44847,-122.45868
Tumwater,WA,507,47.03208,-122.90311
"Mill Creek",WA,500,47.82024,-122.1873
Yakima,WA,490,46.59324,-120.55238
"Mount Vernon",WA,490,48.41422,-122.33136
"Spokane Valley",WA,488,47.66562,-117.23026
Sequim,WA,479,48.08137,-123.09969
Duvall,WA,450,47.73705,-121.98083
Washougal,WA,444,45.58386,-122.35383
"Battle Ground",WA,438,45.77945,-122.53218
Arlington,WA,435,48.19485,-122.12324
Covington,WA,426,47.36078,-122.11162
Pasco,WA,418,46.23239,-119.0982
"South Hill",WA,417,47.12947,-122.2901
"Friday Harbor",WA,378,48.53135,-123.02226
"Des Moines",WA,377,47.4056,-122.32212
"Camano Island",WA,375,48.21928,-122.53109
"Oak Harbor",WA,356,48.28973,-122.67887
"Mountlake Terrace",WA,341,47.78416,-122.30842
"Port Angeles",WA,339,48.11295,-123.4378
Stanwood,WA,327,48.24107,-122.3678
Blaine,WA,319,48.99505,-122.74499
Wenatchee,WA,313,47.42255,-120.32009
Shelton,WA,309,47.21109,-123.1053
Spanaway,WA,292,47.1045,-122.43512
Carnation,WA,284,47.64947,-121.91245
Medina,WA,281,47.61598,-122.22803
Ferndale,WA,279,48.85324,-122.6011
"Clyde Hill",WA,278,47.61385,-122.20191
"Walla Walla",WA,276,46.06399,-118.34332
"Black Diamond",WA,270,47.31386,-122.0094
Silverdale,WA,269,47.66717,-122.67032
Longview,WA,268,46.13603,-122.94309
"Lake Tapps",WA,264,47.18062,-122.18381
Enumclaw,WA,254,47.20347,-121.98953
Eastsound,WA,246,48.70055,-122.90628
Edgewood,WA,245,47.19106,-122.29256
Graham,WA,238,47.0764,-122.29534
"Normandy Park",WA,233,47.46277,-122.33978
Kingston,WA,222,47.80132,-122.50282
"Brush Prairie",WA,220,45.73365,-122.55076
"Moses Lake",WA,215,47.12402,-119.25999
Ellensburg,WA,212,46.99346,-120.54513
Yelm,WA,204,46.94126,-122.61023
Langley,WA,203,48.03557,-122.40802
"East Wenatchee",WA,198,47.4176,-120.28674
Leavenworth,WA,191,47.59701,-120.66192
"Fall City",WA,190,47.56408,-121.89362
Pullman,WA,180,46.73088,-117.17912
Coupeville,WA,178,48.21784,-122.68128
"West Richland",WA,176,46.27785,-119.35359
Buckley,WA,173,47.16147,-122.02969
Brier,WA,171,47.81937,-122.31667
Clinton,WA,168,47.97966,-122.35936
Centralia,WA,165,46.71756,-122.96087
Lynden,WA,164,48.94612,-122.45845
Freeland,WA,164,48.03024,-122.54474
Chehalis,WA,161,46.66148,-122.96688
"Fox Island",WA,159,47.22541,-122.60668
"Cle Elum",WA,157,47.19538,-120.93829
"Liberty Lake",WA,155,47.66434,-117.09236
Steilacoom,WA,147,47.16766,-122.59771
"La Center",WA,145,45.86625,-122.67062
Dupont,WA,143,47.09746,-122.64381
Sumner,WA,135,47.20162,-122.23825
Sedro-Woolley,WA,133,48.50612,-122.234
Woodland,WA,129,45.92306,-122.73125
Burlington,WA,129,48.47476,-122.33079
"Yarrow Point",WA,129,47.61385,-122.2019
"Granite Falls",WA,127,48.08334,-121.96994
Chelan,WA,127,47.8399,-120.01587
Belfair,WA,125,47.44958,-122.85516
Aberdeen,WA,120,46.97789,-123.8206
Orting,WA,119,47.0943,-122.20322
Cheney,WA,117,47.49411,-117.5748
Sultan,WA,114,47.8682,-121.81482
"Port Ludlow",WA,112,47.92815,-122.68723
Kelso,WA,109,46.14458,-122.90724
Fircrest,WA,105,47.23451,-122.53167
Roy,WA,104,46.9876,-122.52298
"White Salmon",WA,102,45.72943,-121.48151
"Lopez Island",WA,101,48.52628,-122.91093
"Ocean Shores",WA,100,47.00753,-124.15998
Rochester,WA,96,46.82114,-123.09575
"Nine Mile Falls",WA,96,47.8205,-117.59677
Greenacres,WA,96,47.67358,-117.1402
Fife,WA,96,47.24188,-122.36151
Eatonville,WA,90,46.86822,-122.27057
Kalama,WA,87,46.00983,-122.83946
Bow,WA,83,48.56139,-122.44064
Lakebay,WA,82,47.27394,-122.76588
Colbert,WA,78,47.81572,-117.40106
Woodway,WA,77,47.80807,-122.37507
Tenino,WA,77,46.85533,-122.85342
Olalla,WA,76,47.41801,-122.54483
Selah,WA,74,46.65418,-120.54188
Quincy,WA,74,47.23399,-119.84939
Ravensdale,WA,74,47.35857,-121.98679
Parkland,WA,70,47.09665,-122.37748
Everson,WA,69,48.91023,-122.35708
"La Conner",WA,68,48.38291,-122.51353
Seabeck,WA,66,47.63836,-122.84746
Montesano,WA,64,46.98222,-123.60535
"Joint Base Lewis Mcchord",WA,61,47.09855,-122.59107
"Castle Rock",WA,60,46.2744,-122.90778
Milton,WA,60,47.24653,-122.31774
Winthrop,WA,58,48.47646,-120.18216
Allyn,WA,57,47.38198,-122.83863
Manson,WA,56,47.88551,-120.1531
Suquamish,WA,56,47.73342,-122.55717
"Deer Park",WA,55,47.9506,-117.46898
Cashmere,WA,54,47.51732,-120.4687
Greenbank,WA,52,48.07549,-122.60716
Hansville,WA,51,47.90398,-122.57781
"Medical Lake",WA,51,47.57324,-117.67105
Winlock,WA,50,46.49114,-122.94
"Hunts Point",WA,50,47.61385,-122.2019
Elma,WA,50,47.00679,-123.4101
Hoquiam,WA,50,46.98053,-123.88688
Indianola,WA,50,47.75176,-122.52857
Grapeview,WA,50,47.32585,-122.95317
Pacific,WA,48,47.25382,-122.25166
"Benton City",WA,48,46.26696,-119.48994
Nordland,WA,47,48.05815,-122.69168
Stevenson,WA,46,45.69809,-121.88494
Prosser,WA,46,46.205,-119.76931
Clarkston,WA,46,46.4163,-117.04569
Orondo,WA,46,47.70422,-120.19487
Rainier,WA,45,46.89085,-122.68988
"Gold Bar",WA,45,47.85818,-121.69427
"Point Roberts",WA,45,48.98823,-123.0651
"College Place",WA,44,46.0439,-118.38409
Ephrata,WA,44,47.31936,-119.55513
Colville,WA,43,48.54707,-117.90431
"Beaux Arts",WA,42,47.61385,-122.2019
Mead,WA,41,47.7723,-117.36083
Sunnyside,WA,41,46.32029,-120.01298
"Sedro Woolley",WA,41,48.50612,-122.234
Veradale,WA,40,47.65978,-117.19511
"Port Hadlock",WA,38,48.0414,-122.77597
Quilcene,WA,37,47.82477,-122.87571
Twisp,WA,37,48.36246,-120.12445
Hoodsport,WA,35,47.41682,-123.20213
Newport,WA,35,48.18109,-117.04914
Cathlamet,WA,35,46.20034,-123.38064
"Lummi Island",WA,35,48.71999,-122.68884
Othello,WA,34,46.82617,-119.16876
Olga,WA,34,48.63919,-122.79115
Union,WA,34,47.33432,-123.06533
Ruston,WA,33,47.29238,-122.51134
Yacolt,WA,33,45.86518,-122.40667
"Long Beach",WA,32,43.45023,-116.3013
"Anderson Island",WA,29,47.15829,-122.68607
Goldendale,WA,29,45.82147,-120.82557
"Newman Lake",WA,29,47.70462,-117.06395
"Otis Orchards",WA,29,47.70036,-117.10806
"Ocean Park",WA,28,46.4972,-124.04853
Toledo,WA,28,46.44142,-122.84667
Algona,WA,27,47.33841,-122.28494
Concrete,WA,26,48.5374,-121.759
Preston,WA,26,47.53811,-122.01062
Chimacum,WA,26,48.01627,-122.78113
Moxee,WA,25,46.55609,-120.37951
"Maple Falls",WA,25,48.94929,-122.14869
Ronald,WA,24,47.25557,-121.05518
Custer,WA,24,48.91912,-122.6411
Underwood,WA,24,45.73483,-121.53129
Onalaska,WA,24,46.58051,-122.72953
Chattaroy,WA,23,47.87912,-117.36276
Zillah,WA,23,46.4041,-120.26443
Silverlake,WA,23,46.30967,-122.76217
Deming,WA,22,48.82516,-122.223
Vaughn,WA,22,47.32051,-122.76966
Mccleary,WA,22,47.05241,-123.26743
Brinnon,WA,21,47.64846,-122.94156
"Snoqualmie Pass",WA,21,47.40312,-121.43412
Raymond,WA,21,46.68611,-123.72855
Mattawa,WA,21,46.7378,-119.90168
"Kettle Falls",WA,21,48.60447,-118.05658
Amboy,WA,20,45.91053,-122.4468
"Airway Heights",WA,20,47.64641,-117.58777
Malaga,WA,20,47.36607,-120.19904
Mossyrock,WA,20,46.52893,-122.48447
Naches,WA,19,46.7305,-120.69918
Elk,WA,19,48.01755,-117.34965
Grandview,WA,19,46.24922,-119.91556
Mazama,WA,18,48.5855,-120.3927
Entiat,WA,18,47.68998,-120.2102
"Trout Lake",WA,18,45.99149,-121.53178
Colfax,WA,18,46.87838,-117.3631
Easton,WA,18,47.24106,-121.17616
Surfside,WA,18,46.4972,-124.04853
Westport,WA,18,46.88685,-124.10732
"Pacific Beach",WA,17,47.19695,-124.19607
Peshastin,WA,17,47.56876,-120.60008
Tahuya,WA,17,47.43827,-122.98437
Lyle,WA,17,45.69475,-121.28372
Carson,WA,16,45.7428,-121.82391
Tonasket,WA,16,48.70599,-119.43856
Dayton,WA,15,46.32042,-117.97709
Omak,WA,15,48.41147,-119.52996
"San Diego",CA,15,32.75723,-117.15888
Chewelah,WA,15,48.27719,-117.72214
Ilwaco,WA,15,46.30954,-124.03897
"Shaw Island",WA,15,48.58454,-122.96312
"Royal City",WA,14,46.89907,-119.63063
Naselle,WA,14,46.37373,-123.80343
Oakville,WA,14,46.84021,-123.23288
Roslyn,WA,14,47.22461,-120.99876
Ritzville,WA,14,47.12569,-118.37672
Snowden,WA,14,45.72977,-121.48347
Longbranch,WA,14,47.1836,-122.77366
"Soap Lake",WA,14,47.38686,-119.48511
Oroville,WA,14,48.93516,-119.43496
Ariel,WA,13,45.98971,-122.35976
Valleyford,WA,13,47.53355,-117.24077
Morton,WA,12,46.55628,-122.27838
Forks,WA,12,47.80892,-124.2553
Husum,WA,12,45.72977,-121.48347
"Fairchild Air Force Base",WA,12,47.626,-117.66774
Palouse,WA,12,46.90985,-117.07514
"Loon Lake",WA,12,48.05954,-117.63454
Glacier,WA,11,48.82516,-122.223
Darrington,WA,10,48.25298,-121.60416
Waitsburg,WA,10,46.26833,-118.15324
Brewster,WA,10,48.09816,-119.78304
Packwood,WA,10,46.60968,-121.66915
Spangle,WA,10,47.42965,-117.38107
"Coulee City",WA,9,47.61233,-119.28954
Toppenish,WA,9,46.37534,-120.31287
Asotin,WA,9,46.33808,-117.04437
Burbank,WA,9,46.19719,-119.0127
Rosalia,WA,9,47.23644,-117.36986
"Orcas Is",WA,9,48.66899,-122.90158
"North Bonneville",WA,8,45.63958,-121.97552
Keyport,WA,8,47.70213,-122.62501
Cosmopolis,WA,8,46.95276,-123.7758
Sumas,WA,8,48.99634,-122.26024
Alexandria,VA,8,38.78345,-77.09077
"Silver Creek",WA,8,46.55967,-122.50007
Valley,WA,8,48.17313,-117.72374
Ashford,WA,7,46.75523,-122.01961
Republic,WA,7,48.64804,-118.73288
Seaview,WA,7,46.33213,-124.05485
Mineral,WA,7,46.71778,-122.18336
Wapato,WA,7,46.44554,-120.42124
Grayland,WA,7,46.74647,-124.0843
Curlew,WA,7,48.87844,-118.60276
Skykomish,WA,6,47.70854,-121.36083
Granger,WA,6,46.34514,-120.1934
"Neah Bay",WA,6,48.36724,-124.62514
Ethel,WA,6,46.53202,-122.71876
Kittitas,WA,6,46.98568,-120.41901
Carlton,WA,6,48.22836,-120.09487
Reardan,WA,6,47.66898,-117.87792
Davenport,WA,6,47.6512,-118.15232
Connell,WA,6,46.66046,-118.86064
Lilliwaup,WA,6,47.50073,-123.06963
Vader,WA,6,46.39965,-122.9542
Mesa,WA,6,46.59239,-119.1512
"Bz Corner",WA,6,45.72977,-121.48347
Mabton,WA,5,46.21362,-119.99682
Toutle,WA,5,46.3259,-122.73061
Outlook,WA,5,46.33136,-120.09328
Rice,WA,5,48.42842,-118.166
Salkum,WA,5,46.53179,-122.62985
Pateros,WA,5,48.05135,-119.90328
Menlo,WA,5,46.68612,-123.72855
Washington,DC,5,38.89095,-77.00717
Dallesport,WA,5,45.62095,-121.17982
"Union Gap",WA,5,46.5535,-120.47781
Okanogan,WA,5,48.36482,-119.58757
Tieton,WA,5,46.70383,-120.75692
Curtis,WA,5,46.58583,-123.09482
Eltopia,WA,5,46.4563,-119.02358
Rockford,WA,5,47.45294,-117.12985
"Las Vegas",NV,5,36.19224,-115.29142
"San Antonio",TX,5,29.57889,-98.5032
Evans,WA,5,48.71459,-118.02617
Acme,WA,5,48.6535,-122.20996
Tokeland,WA,5,46.71002,-123.9949
Mica,WA,4,47.55088,-117.2127
Waterville,WA,4,47.64645,-120.07174
"Rock Island",WA,4,47.37616,-120.1426
Tulalip,WA,4,48.10433,-122.17138
Skamokawa,WA,4,46.27242,-123.45539
Wilkeson,WA,4,47.10915,-122.0527
Warden,WA,4,46.96568,-119.04436
"Chula Vista",CA,4,32.62685,-116.97368
Oceanside,CA,4,33.21333,-117.32934
Chesapeake,VA,4,36.81253,-76.35863
"Colorado Springs",CO,4,38.83231,-104.70391
Randle,WA,4,46.53731,-121.92002
Sacramento,CA,4,38.5688,-121.46022
Riverside,WA,4,48.50326,-119.50987
Wilbur,WA,4,47.75598,-118.70598
Carbonado,WA,4,47.07902,-122.05244
Touchet,WA,4,46.03914,-118.67111
"North Cove",WA,4,46.72825,-124.0396
Oysterville,WA,4,46.4972,-124.04853
Norfolk,VA,4,36.90291,-76.26648
Pomeroy,WA,3,46.47326,-117.59798
"Electric City",WA,3,47.93155,-119.03523
Bingen,WA,3,45.74914,-121.64886
Lemoore,CA,3,36.30383,-119.78374
Clearlake,WA,3,48.46297,-122.23441
Nahcotta,WA,3,46.4972,-124.04853
Marlin,WA,3,47.40891,-118.98676
Cinebar,WA,3,46.58638,-122.52787
"Los Angeles",CA,3,34.03896,-118.35861
Thorp,WA,3,47.06782,-120.67327
Gambrills,MD,3,39.03641,-76.67881
Clayton,WA,3,47.99692,-117.56666
Waldron,WA,3,48.71064,-123.02577
Chinook,WA,3,46.27769,-123.94875
Nooksack,WA,3,48.92708,-122.32184
Edwall,WA,3,47.50525,-117.95109
Taholah,WA,3,47.2544,-124.19061
Lebam,WA,3,46.68612,-123.72855
Menifee,CA,3,33.7464,-117.17416
Lincoln,WA,3,47.82792,-118.42823
"Little Rock",AR,3,34.76478,-92.33772
"Buena Park",CA,3,33.85641,-118.00397
"Lopez Is",WA,3,48.52628,-122.91093
Murdock,WA,3,45.67015,-121.24909
Springdale,WA,3,48.05388,-117.74368
Frances,WA,3,46.68612,-123.72855
"Grand Coulee",WA,3,47.94193,-119.0019
Harrington,WA,3,47.47984,-118.25418
"Spring Lake",NC,3,35.17047,-78.97696
Tekoa,WA,3,47.22265,-117.07178
Phoenix,AZ,3,33.67352,-112.08774
Moclips,WA,3,47.33763,-124.06473
Odenton,MD,3,39.06357,-76.71976
Ford,WA,3,47.94028,-117.7969
Unknown,CA,3,0,0
Cowiche,WA,2,46.67108,-120.7139
"Copalis Crossing",WA,2,47.15871,-124.18538
Index,WA,2,47.84428,-121.68418
"St John",WA,2,47.09084,-117.58177
Usk,WA,2,48.31279,-117.28231
Burke,VA,2,38.77812,-77.27232
Stafford,VA,2,38.42543,-77.41021
"Deer Meadows",WA,2,47.6512,-118.15232
Aldie,VA,2,38.9221,-77.55783
Cougar,WA,2,46.05044,-122.30346
"Virginia Beach",VA,2,36.82953,-76.18133
"White Swan",WA,2,46.37784,-120.72956
"Salt Lake City",UT,2,40.67521,-111.85988
Ventura,CA,2,34.28016,-119.28926
"Upper Marlboro",MD,2,38.88997,-76.81409
"South Bend",WA,2,46.67579,-123.77034
"Fort George G Meade",MD,2,39.11529,-76.74173
Vacaville,CA,2,38.35346,-121.9935
Cusick,WA,2,48.56243,-117.34463
"Bay Center",WA,2,46.64757,-123.88288
Fayetteville,NC,2,35.04942,-78.87542
"Santa Clara",CA,2,37.36868,-121.96643
"Amanda Park",WA,2,47.47107,-123.92526
Endicott,WA,2,46.92908,-117.68591
Keedysville,MD,2,39.48429,-77.70031
Addy,WA,2,48.35699,-117.83807
Honolulu,HI,2,21.34368,-157.9124
"Charleston Afb",SC,2,32.89661,-80.05572
Berkeley,CA,2,37.88234,-122.28826
Lind,WA,2,46.97191,-118.6164
Napavine,WA,2,46.61848,-122.93628
Garfield,WA,2,47.00852,-117.1438
"Belle Chasse",LA,2,29.85545,-89.99078
Cincinnati,OH,2,39.18712,-84.36176
Omaha,NE,2,41.22773,-96.0529
Baring,WA,2,47.7547,-121.42047
"El Paso",TX,2,31.79188,-106.42804
Glenoma,WA,2,46.545,-122.20062
Portland,OR,2,45.50716,-122.65374
"Mcchord Afb",WA,2,47.12834,-122.49046
Sekiu,WA,2,48.28437,-124.37196
Wishram,WA,2,45.66139,-120.96448
Glenwood,WA,2,46.01829,-121.29482
Kapowsin,WA,2,46.98436,-122.23469
Inchelium,WA,2,48.29608,-118.20125
Odessa,WA,2,47.33104,-118.68936
"Wichita Falls",TX,2,33.85102,-98.57328
"Coulee Dam",WA,2,47.97023,-118.97414
Incorporated,WA,2,47.27898,-122.55761
"Chesapeake Beach",MD,2,38.69298,-76.53844
Hunters,WA,2,48.11691,-118.19893
"Travis Afb",CA,2,38.27708,-121.93914
Summerville,SC,2,33.03165,-80.15536
"South Cle Elum",WA,2,47.18617,-120.95312
Wahkiacus,WA,2,45.86698,-121.1277
"San Jose",CA,2,37.30029,-121.86713
Roosevelt,WA,2,45.78193,-120.5212
Marblemount,WA,2,48.55832,-121.4219
Englewood,CO,2,39.60558,-104.87507
Pawcatuck,CT,2,41.37604,-71.83806
Mansfield,WA,2,47.81335,-119.63946
Irvine,CA,2,33.68543,-117.76488
Satsop,WA,2,47.00222,-123.48302
Madison,CT,2,41.27869,-72.59644
Colton,WA,2,46.56649,-117.12706
"San Rafael",CA,1,37.97023,-122.52609
Tempe,AZ,1,33.42554,-111.93722
"Highland Park",IL,1,42.18617,-87.80154
Lansing,KS,1,39.25895,-94.9007
Bellevue,NE,1,41.13158,-95.9609
Methow,WA,1,48.12938,-120.0038
Dickinson,TX,1,29.46566,-95.0536
Ridgecrest,CA,1,35.62073,-117.67228
Bucoda,WA,1,46.79482,-122.8725
Laughlin,NV,1,35.14199,-114.62819
"Long Beach",CA,1,33.76914,-118.1893
Moraga,CA,1,37.83073,-122.12848
"Fort Irwin",CA,1,35.25863,-116.70052
"Lexington Park",MD,1,38.26681,-76.46556
Conyers,GA,1,33.62498,-83.97812
"Arlington Heights",IL,1,42.09014,-87.98349
Vantage,WA,1,46.94468,-119.9899
"Southern Pines",NC,1,35.1769,-79.3887
Belleville,IL,1,38.51308,-89.98149
Okatie,SC,1,32.29169,-80.98368
Portsmouth,VA,1,36.83008,-76.34458
Rayville,MO,1,39.34749,-94.06283
Wildomar,CA,1,33.60153,-117.2734
"Bridgeport Bar",WA,1,48.09816,-119.78304
"Apple Valley",CA,1,34.46089,-117.24472
Kenn,WA,1,46.19115,-119.1973
"San Clemente",CA,1,33.42631,-117.61729
"Twentynine Palms",CA,1,34.1375,-116.0545
Seaside,CA,1,36.60698,-121.84832
Hamilton,WA,1,48.51818,-121.98881
Lakewood,CA,1,33.85223,-118.11268
Fredericksburg,VA,1,38.31061,-77.44825
Lithia,FL,1,27.8477,-82.25597
Beaver,WA,1,48.05708,-124.34766
Augusta,GA,1,33.3999,-82.12366
Klickitat,WA,1,45.69475,-121.28372
Dayton,MD,1,39.2401,-76.98626
Medford,NJ,1,39.86045,-74.80454
Alderdale,WA,1,46.205,-119.76932
Worley,ID,1,47.48082,-116.91808
Annapolis,MD,1,38.97904,-76.52384
"Seven Bays",WA,1,47.6512,-118.15232
"Fort Leavenworth",KS,1,39.35484,-94.91984
"Silver Spring",MD,1,39.06791,-77.06835
Pittsburg,CA,1,38.02894,-121.88476
Petoskey,MI,1,45.37088,-84.95772
"Warner Robins",GA,1,32.56973,-83.67828
Carrolls,WA,1,46.07142,-122.8624
Dover,DE,1,39.16014,-75.51832
"Lincoln City",OR,1,44.98408,-124.00952
Trinidad,CO,1,37.16543,-104.50359
Sonoma,CA,1,38.2884,-122.46452
Prescott,AZ,1,34.54844,-112.47088
"Kailua Kona",HI,1,19.61021,-155.97182
Rockport,WA,1,48.48623,-121.59888
"Newport News",VA,1,37.1154,-76.52462
Rich,WA,1,46.27188,-119.29442
Orchards,WA,1,45.67862,-122.51465
"Fort Lauderdale",FL,1,26.09799,-80.37607
"Las Cruces",NM,1,32.38048,-106.74494
Cheyenne,WY,1,41.14499,-104.82679
Quinault,WA,1,47.49206,-123.8124
"Fort Campbell",TN,1,36.62236,-87.44138
"Junction City",KS,1,39.03606,-96.83144
Sumter,SC,1,33.88939,-80.37065
Altus,OK,1,34.64003,-99.33326
Timnath,CO,1,40.50794,-104.9561
"Clallam Bay",WA,1,48.25375,-124.26016
"Deer Harbor",WA,1,48.61989,-123.00026
"Pe Ell",WA,1,46.57174,-123.29698
Goshen,KY,1,38.40537,-85.58248
"Platte City",MO,1,39.36685,-94.77965
Lamont,WA,1,47.20237,-117.90507
Skokie,IL,1,42.02925,-87.75373
Evans,GA,1,33.53966,-82.12944
Rosburg,WA,1,46.3346,-123.64508
Hatton,WA,1,46.82618,-119.16876
Henrico,VA,1,37.6155,-77.63415
Hartline,WA,1,47.6903,-119.10962
Libertyville,IL,1,42.28444,-87.95161
Malott,WA,1,48.36482,-119.58757
"Smiths Station",AL,1,32.51294,-85.07774
Frederick,MD,1,39.41649,-77.40908
"South Prairie",WA,1,47.13798,-122.0968
Decatur,GA,1,33.77357,-84.29717
Goldsboro,NC,1,35.38737,-77.91706
Biloxi,MS,1,30.40376,-88.98314
Latah,WA,1,47.28057,-117.15512
"Little Elm",TX,1,33.17277,-96.90332
Sprague,WA,1,47.29733,-117.97788
"Walla Walla Co",WA,1,46.06398,-118.34332
Benicia,CA,1,38.05102,-122.1549
Sarasota,FL,1,27.27967,-82.56239
Uniontown,WA,1,46.53802,-117.08522
Leesville,LA,1,31.14688,-93.26618
"Copalis Beach",WA,1,47.11008,-124.17386
"Port Hueneme",CA,1,34.15075,-119.19296
Temecula,CA,1,33.46556,-117.11257
"Silver Lake",WA,1,46.30967,-122.76217
Gifford,WA,1,48.30682,-118.14369
Prosper,TX,1,33.25034,-96.79792
Stratford,WA,1,47.42293,-119.27541
Clarksville,TN,1,36.5725,-87.42358
Coronado,CA,1,32.68979,-117.1777
Fruitland,WA,1,47.9612,-118.22652
"Santa Ana",CA,1,33.74618,-117.8892
"Canoga Park",CA,1,34.21462,-118.60164
"Smith Creek",WA,1,46.68612,-123.72855
Kailua,HI,1,21.39805,-157.74382
"Grays River",WA,1,46.35987,-123.56895
Edgewater,MD,1,38.9342,-76.56032
Raeford,NC,1,34.9787,-79.22972
Dallas,TX,1,32.93518,-96.83346
Mechanicsburg,PA,1,40.24718,-76.99698
Mystic,CT,1,41.35466,-71.96783
"Saint Jacob",IL,1,38.71637,-89.76926
"Fort Wayne",IN,1,41.07694,-85.14116
Tumtum,WA,1,47.86457,-117.79104
Westminster,MD,1,39.5793,-76.99641
"Greenfield Center",NY,1,43.1317,-73.84343
"Santa Cruz",CA,1,36.9773,-121.98629
Dryden,WA,1,47.5416,-120.56105
"Chevy Chase",MD,1,38.98358,-77.07715
Asheboro,NC,1,35.68288,-79.83758
Vienna,VA,1,38.90268,-77.2638
Nespelem,WA,1,48.16636,-118.97666
Bridgeport,WA,1,48.00732,-119.67319
Killeen,TX,1,31.09733,-97.74709
Waterford,CT,1,41.34694,-72.13939
"Staten Island",NY,1,40.54812,-74.14664
Waldorf,MD,1,38.62367,-76.92095
"Palo Alto",CA,1,37.44719,-122.12576
Anthem,AZ,1,33.8075,-112.1287
Suwanee,GA,1,34.06329,-84.07492
Avalon,NJ,1,39.10578,-74.7144
Kekaha,HI,1,21.97063,-159.71316
Unknown,TX,1,0,0
Plymouth,WA,1,45.93423,-119.35699
"Huntington Beach",CA,1,33.71041,-117.99297
Maryhill,WA,1,45.82148,-120.82557
Artondale,WA,1,47.32345,-122.58355
Chandler,AZ,1,33.24379,-111.84802
"Saratoga Springs",NY,1,43.08412,-73.78441
"Mccutcheon Field",NC,1,34.71242,-77.435
"Cathedral City",CA,1,33.78038,-116.46661
Lakeview,WA,1,47.38686,-119.48512
Arnold,MD,1,39.05202,-76.50002
Salem,OR,1,44.94726,-123.0566
Fairbanks,AK,1,64.8413,-147.71834
Chelmsford,MA,1,42.5973,-71.34874
Gatesville,TX,1,31.4349,-97.74302
Longmont,CO,1,40.16174,-105.10686
Bedford,MA,1,42.49166,-71.2785
"Newport Beach",CA,1,33.63889,-117.8751
"Bell Hill",WA,1,48.08137,-123.09969
Billings,MT,1,45.79238,-108.62289
"Felts Mills",NY,1,44.02146,-75.76099
"Saint Louis",MO,1,38.75138,-90.2291
Middletown,MD,1,39.44235,-77.54559
Portsmouth,NH,1,42.88227,-70.8738
"Fort Bragg",NC,1,35.13766,-78.97217
Weslaco,TX,1,26.15929,-97.99066
"Old Lyme",CT,1,41.28689,-72.27884
Kensington,MD,1,39.02846,-77.07316
"Rock Island",IL,1,41.50521,-90.57292
"Andrews Air Force Base",MD,1,38.80071,-76.89248
Slidell,LA,1,30.2952,-89.72511
Sheridan,WY,1,44.79365,-106.95366
Unknown,KS,1,0,0
Orcas,WA,1,48.59813,-122.9428
Corvallis,OR,1,44.57433,-123.2708
Potomac,MD,1,39.01796,-77.20884
Newark,NJ,1,40.73654,-74.18793
Cupertino,CA,1,37.32042,-122.0322
"Port Gamble",WA,1,47.73752,-122.64177
Pros,WA,1,46.205,-119.76932
Palisades,WA,1,47.44836,-119.88016
Goodyear,AZ,1,33.48534,-112.37676
Fremont,CA,1,37.5568,-122.0091
Indio,CA,1,33.71927,-116.21818
Roseville,CA,1,38.73157,-121.27206
Watertown,NY,1,44.04571,-75.81191
Eugene,OR,1,44.11857,-123.13622
Herndon,VA,1,38.94846,-77.40753
Suffolk,VA,1,36.87704,-76.42047
Keller,WA,1,48.07873,-118.68468
Middletown,RI,1,41.518,-71.30025
Southlake,TX,1,32.94448,-97.13019
Parker,CO,1,39.51182,-104.79915
Danville,WA,1,48.99505,-118.50595
Lompoc,CA,1,34.64218,-120.45468
Rosamond,CA,1,34.86287,-118.16712
Bloomfield,NJ,1,40.7927,-74.19575
Gaithersburg,MD,1,39.12004,-77.23908
Scottsdale,AZ,1,33.44886,-111.92646
Springfield,VA,1,38.73757,-77.21052
"Mountain Home Afb",ID,1,43.05166,-115.85826
Napa,CA,1,38.3005,-122.2911
"Hanscom Afb",MA,1,42.45959,-71.27332
"San Mateo",CA,1,37.54457,-122.30263
Alhambra,CA,1,34.09465,-118.12648
"Ewa Beach",HI,1,21.33516,-158.01932
Haddonfield,NJ,1,39.89603,-75.03382
"Joint Base Mdl",NJ,1,40.03558,-74.57985
Aurora,CO,1,39.80628,-104.75894
Minneapolis,MN,1,44.94834,-93.28344
Arlington,VA,1,38.87572,-77.108
Jericho,NY,1,40.78397,-73.53545
Gardena,CA,1,33.89614,-118.3205
